EMD_CD,LAW_CD,GU_NM,LAW_NM,ADM_CD,ADM_NM,CONFIDENCE
11110101,1111010100,종로구,청운동,11110515,청운효자동,1.0
11110102,1111010200,종로구,신교동,11110580,교남동,0.667
11110103,1111010300,종로구,궁정동,11110515,청운효자동,0.8
11110104,1111010400,종로구,효자동,11110515,청운효자동,1.0
11110105,1111010500,종로구,창성동,11110560,평창동,0.667
11110106,1111010600,종로구,통의동,11110515,청운효자동,0.8
11110107,1111010700,종로구,적선동,11110515,청운효자동,0.8
11110108,1111010800,종로구,통인동,11110700,숭인1동,0.571
11110109,1111010900,종로구,누상동,11110515,청운효자동,0.8
11110110,1111011000,종로구,누하동,11110515,청운효자동,0.8
11110111,1111011100,종로구,옥인동,11110700,숭인1동,0.571
11110112,1111011200,종로구,체부동,11110550,부암동,0.667
11110113,1111011300,종로구,필운동,11110515,청운효자동,0.5
11110114,1111011400,종로구,내자동,11110515,청운효자동,0.5
11110115,1111011500,종로구,사직동,11110530,사직동,1.0
11110116,1111011600,종로구,도렴동,11110570,무악동,0.8
11110117,1111011700,종로구,당주동,11110570,무악동,0.8
11110118,1111011800,종로구,내수동,11110570,무악동,0.8
11110119,1111011900,종로구,세종로,11110630,종로5·6가동,0.4
11110120,1111012000,종로구,신문로1가,11110670,창신1동,0.444
11110121,1111012100,종로구,신문로2가,11110680,창신2동,0.444
11110122,1111012200,종로구,청진동,11110540,삼청동,0.667
11110123,1111012300,종로구,서린동,11110570,무악동,0.8
11110124,1111012400,종로구,수송동,11110570,무악동,0.8
11110125,1111012500,종로구,중학동,11110570,무악동,0.8
11110126,1111012600,종로구,종로1가,11110630,종로5·6가동,0.545
11110127,1111012700,종로구,공평동,11110560,평창동,0.667
11110128,1111012800,종로구,관훈동,11110570,무악동,0.8
11110129,1111012900,종로구,견지동,11110570,무악동,0.8
11110130,1111013000,종로구,와룡동,11110600,가회동,0.8
11110131,1111013100,종로구,권농동,11110570,무악동,0.8
11110132,1111013200,종로구,운니동,11110515,청운효자동,0.5
11110133,1111013300,종로구,익선동,11110580,교남동,0.8
11110134,1111013400,종로구,경운동,11110515,청운효자동,0.5
11110135,1111013500,종로구,관철동,11110570,무악동,0.8
11110136,1111013600,종로구,인사동,11110530,사직동,0.667
11110137,1111013700,종로구,낙원동,11110580,교남동,0.8
11110138,1111013800,종로구,종로2가,11110630,종로5·6가동,0.545
11110139,1111013900,종로구,팔판동,11110540,삼청동,0.8
11110140,1111014000,종로구,삼청동,11110540,삼청동,1.0
11110141,1111014100,종로구,안국동,11110540,삼청동,0.8
11110142,1111014200,종로구,소격동,11110540,삼청동,0.8
11110143,1111014300,종로구,화동,11110640,이화동,1.0
11110144,1111014400,종로구,사간동,11110530,사직동,0.667
11110145,1111014500,종로구,송현동,11110570,무악동,0.8
11110146,1111014600,종로구,가회동,11110600,가회동,1.0
11110147,1111014700,종로구,재동,11110530,사직동,0.4
11110148,1111014800,종로구,계동,11110530,사직동,0.4
11110149,1111014900,종로구,원서동,11110550,부암동,0.8
11110150,1111015000,종로구,훈정동,11110580,교남동,0.8
11110151,1111015100,종로구,묘동,11110530,사직동,0.4
11110152,1111015200,종로구,봉익동,11110580,교남동,0.8
11110153,1111015300,종로구,돈의동,11110580,교남동,0.8
11110154,1111015400,종로구,장사동,11110530,사직동,0.667
11110155,1111015500,종로구,관수동,11110580,교남동,0.8
11110156,1111015600,종로구,종로3가,11110630,종로5·6가동,0.545
11110157,1111015700,종로구,인의동,11110700,숭인1동,0.571
11110158,1111015800,종로구,예지동,11110580,교남동,0.8
11110159,1111015900,종로구,원남동,11110580,교남동,0.667
11110160,1111016000,종로구,연지동,11110610,,0.8
11110161,1111016100,종로구,종로4가,11110630,종로5·6가동,0.545
11110162,1111016200,종로구,효제동,11110515,청운효자동,0.5
11110163,1111016300,종로구,종로5가,11110630,종로5·6가동,0.727
11110164,1111016400,종로구,종로6가,11110630,종로5·6가동,0.727
11110165,1111016500,종로구,이화동,11110640,이화동,1.0
11110166,1111016600,종로구,연건동,11110610,,0.8
11110167,1111016700,종로구,충신동,11110670,창신1동,0.571
11110168,1111016800,종로구,동숭동,11110700,숭인1동,0.586
11110169,1111016900,종로구,혜화동,11110650,혜화동,1.0
11110170,1111017000,종로구,명륜1가,11110610,,0.8
11110171,1111017100,종로구,명륜2가,11110610,,0.8
11110172,1111017200,종로구,명륜4가,11110610,,0.8
11110173,1111017300,종로구,명륜3가,11110610,,0.8
11110174,1111017400,종로구,창신동,11110670,창신1동,1.0
11110175,1111017500,종로구,숭인동,11110700,숭인1동,1.0
11110176,1111017600,종로구,교남동,11110580,교남동,1.0
11110177,1111017700,종로구,평동,11110560,평창동,1.0
11110178,1111017800,종로구,송월동,11110515,청운효자동,0.8
11110179,1111017900,종로구,홍파동,11110515,청운효자동,0.8
11110180,1111018000,종로구,교북동,11110580,교남동,0.667
11110181,1111018100,종로구,행촌동,11110515,청운효자동,0.8
11110182,1111018200,종로구,구기동,11110550,부암동,0.8
11110183,1111018300,종로구,평창동,11110560,평창동,1.0
11110184,1111018400,종로구,부암동,11110550,부암동,1.0
11110185,1111018500,종로구,홍지동,11110550,부암동,0.8
11110186,1111018600,종로구,신영동,11110670,창신1동,0.571
11110187,1111018700,종로구,무악동,11110570,무악동,1.0
11140101,1114010100,중구,무교동,11140550,명동,0.4
11140102,1114010200,중구,다동,11140625,다산동,1.0
11140103,1114010300,중구,태평로1가,11140570,필동,0.8
11140104,1114010400,중구,을지로1가,11140605,을지로동,0.967
11140105,1114010500,중구,을지로2가,11140605,을지로동,0.967
11140106,1114010600,중구,남대문로1가,11140570,필동,0.8
11140107,1114010700,중구,삼각동,11140550,명동,0.4
11140108,1114010800,중구,수하동,11140635,약수동,0.667
11140109,1114010900,중구,장교동,11140580,장충동,0.667
11140110,1114011000,중구,수표동,11140635,약수동,0.667
11140111,1114011100,중구,소공동,11140520,소공동,1.0
11140112,1114011200,중구,남창동,11140550,명동,0.4
11140113,1114011300,중구,북창동,11140550,명동,0.4
11140114,1114011400,중구,태평로2가,11140570,필동,0.8
11140115,1114011500,중구,남대문로2가,11140570,필동,0.8
11140116,1114011600,중구,남대문로3가,11140570,필동,0.8
11140117,1114011700,중구,남대문로4가,11140570,필동,0.8
11140118,1114011800,중구,남대문로5가,11140570,필동,0.8
11140119,1114011900,중구,봉래동1가,11140640,,0.8
11140120,1114012000,중구,봉래동2가,11140640,,0.8
11140121,1114012100,중구,회현동1가,11140540,회현동,1.0
11140122,1114012200,중구,회현동2가,11140540,회현동,1.0
11140123,1114012300,중구,회현동3가,11140540,회현동,1.0
11140124,1114012400,중구,충무로1가,11140590,광희동,0.8
11140125,1114012500,중구,충무로2가,11140590,광희동,0.8
11140126,1114012600,중구,명동1가,11140550,명동,0.967
11140127,1114012700,중구,명동2가,11140550,명동,0.967
11140128,1114012800,중구,남산동1가,11140625,다산동,0.5
11140129,1114012900,중구,남산동2가,11140625,다산동,0.5
11140130,1114013000,중구,남산동3가,11140625,다산동,0.5
11140131,1114013100,중구,저동1가,11140600,,0.8
11140132,1114013200,중구,충무로4가,11140610,,0.8
11140133,1114013300,중구,충무로5가,11140610,,0.8
11140134,1114013400,중구,인현동2가,11140540,회현동,0.5
11140135,1114013500,중구,예관동,11140550,명동,0.4
11140136,1114013600,중구,묵정동,11140550,명동,0.4
11140137,1114013700,중구,필동1가,11140570,필동,0.967
11140138,1114013800,중구,필동2가,11140570,필동,0.967
11140139,1114013900,중구,필동3가,11140570,필동,0.967
11140140,1114014000,중구,남학동,11140670,황학동,0.667
11140141,1114014100,중구,주자동,11140550,명동,0.4
11140142,1114014200,중구,예장동,11140580,장충동,0.667
11140143,1114014300,중구,장충동1가,11140580,장충동,1.0
11140144,1114014400,중구,장충동2가,11140580,장충동,1.0
11140145,1114014500,중구,광희동1가,11140590,광희동,1.0
11140146,1114014600,중구,광희동2가,11140590,광희동,1.0
11140147,1114014700,중구,쌍림동,11140680,중림동,0.667
11140148,1114014800,중구,을지로6가,11140605,을지로동,0.967
11140149,1114014900,중구,을지로7가,11140605,을지로동,0.967
11140150,1114015000,중구,을지로4가,11140605,을지로동,0.967
11140151,1114015100,중구,을지로5가,11140605,을지로동,0.967
11140152,1114015200,중구,주교동,11140550,명동,0.4
11140153,1114015300,중구,방산동,11140625,다산동,0.667
11140154,1114015400,중구,오장동,11140580,장충동,0.667
11140155,1114015500,중구,을지로3가,11140605,을지로동,0.967
11140156,1114015600,중구,입정동,11140550,명동,0.4
11140157,1114015700,중구,산림동,11140625,다산동,0.667
11140158,1114015800,중구,충무로3가,11140610,,0.8
11140159,1114015900,중구,초동,11140550,명동,0.5
11140160,1114016000,중구,인현동1가,11140540,회현동,0.5
11140161,1114016100,중구,저동2가,11140600,,0.8
11140162,1114016200,중구,신당동,11140615,신당동,1.0
11140163,1114016300,중구,흥인동,11140550,명동,0.4
11140164,1114016400,중구,무학동,11140670,황학동,0.667
11140165,1114016500,중구,황학동,11140670,황학동,1.0
11140166,1114016600,중구,서소문동,11140520,소공동,0.571
11140167,1114016700,중구,정동,11140550,명동,0.5
11140168,1114016800,중구,순화동,11140665,동화동,0.967
11140169,1114016900,중구,의주로1가,11140640,,0.8
11140170,1114017000,중구,충정로1가,11140650,신당5동,0.8
11140171,1114017100,중구,중림동,11140680,중림동,1.0
11140172,1114017200,중구,의주로2가,11140640,,0.8
11140173,1114017300,중구,만리동1가,11140640,,0.8
11140174,1114017400,중구,만리동2가,11140640,,0.8
11170101,1117010100,용산구,후암동,11170510,후암동,1.0
11170102,1117010200,용산구,용산동2가,11170520,용산2가동,1.0
11170103,1117010300,용산구,용산동4가,11170520,용산2가동,0.6
11170104,1117010400,용산구,갈월동,11170530,남영동,0.8
11170105,1117010500,용산구,남영동,11170530,남영동,1.0
11170106,1117010600,용산구,용산동1가,11170520,용산2가동,0.6
11170107,1117010700,용산구,동자동,11170530,남영동,0.8
11170108,1117010800,용산구,서계동,11170690,서빙고동,0.571
11170109,1117010900,용산구,청파동1가,11170555,청파동,1.0
11170110,1117011000,용산구,청파동2가,11170555,청파동,1.0
11170111,1117011100,용산구,청파동3가,11170555,청파동,1.0
11170112,1117011200,용산구,원효로1가,11170560,원효로1동,1.0
11170113,1117011300,용산구,원효로2가,11170570,원효로2동,1.0
11170114,1117011400,용산구,신창동,11170580,효창동,0.667
11170115,1117011500,용산구,산천동,11170520,용산2가동,0.5
11170116,1117011600,용산구,청암동,11170510,후암동,0.667
11170117,1117011700,용산구,원효로3가,11170560,원효로1동,0.6
11170118,1117011800,용산구,원효로4가,11170560,원효로1동,0.6
11170119,1117011900,용산구,효창동,11170580,효창동,1.0
11170120,1117012000,용산구,도원동,11170560,원효로1동,0.5
11170121,1117012100,용산구,용문동,11170590,용문동,1.0
11170122,1117012200,용산구,문배동,11170590,용문동,0.667
11170123,1117012300,용산구,신계동,11170540,,0.8
11170124,1117012400,용산구,한강로1가,11170625,한강로동,0.967
11170125,1117012500,용산구,한강로2가,11170625,한강로동,0.967
11170126,1117012600,용산구,용산동3가,11170520,용산2가동,0.6
11170127,1117012700,용산구,용산동5가,11170520,용산2가동,0.6
11170128,1117012800,용산구,한강로3가,11170625,한강로동,0.967
11170129,1117012900,용산구,이촌동,11170630,이촌1동,1.0
11170130,1117013000,용산구,이태원동,11170650,이태원1동,1.0
11170131,1117013100,용산구,한남동,11170685,한남동,1.0
11170132,1117013200,용산구,동빙고동,11170690,서빙고동,1.0
11170133,1117013300,용산구,서빙고동,11170690,서빙고동,1.0
11170134,1117013400,용산구,주성동,11170580,효창동,0.8
11170135,1117013500,용산구,용산동6가,11170520,용산2가동,0.6
11170136,1117013600,용산구,보광동,11170700,보광동,1.0
11200101,1120010100,성동구,상왕십리동,11200520,왕십리2동,0.8
11200102,1120010200,성동구,하왕십리동,11200520,왕십리2동,0.8
11200103,1120010300,성동구,홍익동,11200530,,0.8
11200104,1120010400,성동구,도선동,11200535,왕십리도선동,0.967
11200105,1120010500,성동구,마장동,11200540,마장동,1.0
11200106,1120010600,성동구,사근동,11200550,사근동,1.0
11200107,1120010700,성동구,행당동,11200560,행당1동,1.0
11200108,1120010800,성동구,응봉동,11200580,응봉동,1.0
11200109,1120010900,성동구,금호동1가,11200590,금호1가동,1.0
11200110,1120011000,성동구,금호동2가,11200590,금호1가동,0.6
11200111,1120011100,성동구,금호동3가,11200615,금호2·3가동,0.667
11200112,1120011200,성동구,금호동4가,11200620,금호4가동,1.0
11200113,1120011300,성동구,옥수동,11200645,옥수동,1.0
11200114,1120011400,성동구,성수동1가,11200650,성수1가1동,1.0
11200115,1120011500,성동구,성수동2가,11200670,성수2가1동,1.0
11200118,1120011800,성동구,송정동,11200720,송정동,1.0
11200122,1120012200,성동구,용답동,11200790,용답동,1.0
11215101,1121510100,광진구,중곡동,11215740,중곡1동,1.0
11215102,1121510200,광진구,능동,11215780,능동,1.0
11215103,1121510300,광진구,구의동,11215850,구의1동,1.0
11215104,1121510400,광진구,광장동,11215810,광장동,1.0
11215105,1121510500,광진구,자양동,11215820,자양1동,1.0
11215107,1121510700,광진구,화양동,11215710,화양동,1.0
11215109,1121510900,광진구,군자동,11215730,군자동,1.0
11230101,1123010100,동대문구,신설동,11230536,용신동,0.667
11230102,1123010200,동대문구,용두동,11230536,용신동,0.667
11230103,1123010300,동대문구,제기동,11230545,제기동,1.0
11230104,1123010400,동대문구,전농동,11230560,전농1동,1.0
11230105,1123010500,동대문구,답십리동,11230600,답십리1동,1.0
11230106,1123010600,동대문구,장안동,11230650,장안1동,1.0
11230107,1123010700,동대문구,청량리동,11230705,청량리동,1.0
11230108,1123010800,동대문구,회기동,11230710,회기동,1.0
11230109,1123010900,동대문구,휘경동,11230720,휘경1동,1.0
11230110,1123011000,동대문구,이문동,11230740,이문1동,1.0
11260101,1126010100,중랑구,면목동,11260520,면목2동,1.0
11260102,1126010200,중랑구,상봉동,11260580,상봉1동,1.0
11260103,1126010300,중랑구,중화동,11260600,중화1동,1.0
11260104,1126010400,중랑구,묵동,11260620,묵1동,1.0
11260105,1126010500,중랑구,망우동,11260655,망우본동,1.0
11260106,1126010600,중랑구,신내동,11260680,신내1동,1.0
11290101,1129010100,성북구,성북동,11290525,성북동,1.0
11290102,1129010200,성북구,성북동1가,11290525,성북동,1.0
11290103,1129010300,성북구,돈암동,11290580,돈암1동,1.0
11290104,1129010400,성북구,동소문동1가,11290575,동선동,0.444
11290105,1129010500,성북구,동소문동2가,11290575,동선동,0.444
11290106,1129010600,성북구,동소문동3가,11290575,동선동,0.444
11290107,1129010700,성북구,동소문동4가,11290575,동선동,0.444
11290108,1129010800,성북구,동소문동5가,11290575,동선동,0.444
11290109,1129010900,성북구,동소문동6가,11290575,동선동,0.444
11290110,1129011000,성북구,동소문동7가,11290575,동선동,0.444
11290111,1129011100,성북구,삼선동1가,11290555,삼선동,1.0
11290112,1129011200,성북구,삼선동2가,11290555,삼선동,1.0
11290113,1129011300,성북구,삼선동3가,11290555,삼선동,1.0
11290114,1129011400,성북구,삼선동4가,11290555,삼선동,1.0
11290115,1129011500,성북구,삼선동5가,11290555,삼선동,1.0
11290116,1129011600,성북구,동선동1가,11290575,동선동,1.0
11290117,1129011700,성북구,동선동2가,11290575,동선동,1.0
11290118,1129011800,성북구,동선동3가,11290575,동선동,1.0
11290119,1129011900,성북구,동선동4가,11290575,동선동,1.0
11290120,1129012000,성북구,동선동5가,11290575,동선동,1.0
11290121,1129012100,성북구,안암동1가,11290600,안암동,1.0
11290122,1129012200,성북구,안암동2가,11290600,안암동,1.0
11290123,1129012300,성북구,안암동3가,11290600,안암동,1.0
11290124,1129012400,성북구,안암동4가,11290600,안암동,1.0
11290125,1129012500,성북구,안암동5가,11290600,안암동,1.0
11290126,1129012600,성북구,보문동4가,11290610,보문동,1.0
11290127,1129012700,성북구,보문동5가,11290610,보문동,1.0
11290128,1129012800,성북구,보문동6가,11290610,보문동,1.0
11290129,1129012900,성북구,보문동7가,11290610,보문동,1.0
11290130,1129013000,성북구,보문동1가,11290610,보문동,1.0
11290131,1129013100,성북구,보문동2가,11290610,보문동,1.0
11290132,1129013200,성북구,보문동3가,11290610,보문동,1.0
11290133,1129013300,성북구,정릉동,11290620,정릉1동,1.0
11290134,1129013400,성북구,길음동,11290660,길음1동,1.0
11290135,1129013500,성북구,종암동,11290705,종암동,1.0
11290136,1129013600,성북구,하월곡동,11290715,월곡1동,0.75
11290137,1129013700,성북구,상월곡동,11290715,월곡1동,0.75
11290138,1129013800,성북구,장위동,11290760,장위1동,1.0
11290139,1129013900,성북구,석관동,11290810,석관동,1.0
11305101,1130510100,강북구,미아동,11305535,미아동,1.0
11305102,1130510200,강북구,번동,11305595,번1동,1.0
11305103,1130510300,강북구,수유동,11305615,수유1동,1.0
11305104,1130510400,강북구,우이동,11305645,우이동,1.0
11320105,1132010500,도봉구,쌍문동,11320660,쌍문1동,1.0
11320106,1132010600,도봉구,방학동,11320690,방학1동,1.0
11320107,1132010700,도봉구,창동,11320511,창1동,1.0
11320108,1132010800,도봉구,도봉동,11320521,도봉1동,1.0
11350102,1135010200,노원구,월계동,11350560,월계1동,1.0
11350103,1135010300,노원구,공릉동,11350595,공릉1동,1.0
11350104,1135010400,노원구,하계동,11350611,하계1동,1.0
11350105,1135010500,노원구,상계동,11350630,상계1동,1.0
11350106,1135010600,노원구,중계동,11350619,중계본동,1.0
11380101,1138010100,은평구,수색동,11380650,수색동,1.0
11380102,1138010200,은평구,녹번동,11380510,녹번동,1.0
11380103,1138010300,은평구,불광동,11380520,불광1동,1.0
11380104,1138010400,은평구,갈현동,11380551,갈현1동,1.0
11380105,1138010500,은평구,구산동,11380560,구산동,1.0
11380106,1138010600,은평구,대조동,11380570,대조동,1.0
11380107,1138010700,은평구,응암동,11380580,응암1동,1.0
11380108,1138010800,은평구,역촌동,11380625,역촌동,1.0
11380109,1138010900,은평구,신사동,11380631,신사1동,1.0
11380110,1138011000,은평구,증산동,11380640,증산동,1.0
11380114,1138011400,은평구,진관동,11380690,진관동,1.0
11410101,1141010100,서대문구,충정로2가,11410510,,0.8
11410102,1141010200,서대문구,충정로3가,11410510,,0.8
11410103,1141010300,서대문구,합동,11410620,홍제1동,0.5
11410104,1141010400,서대문구,미근동,11410620,홍제1동,0.4
11410105,1141010500,서대문구,냉천동,11410520,천연동,0.667
11410106,1141010600,서대문구,천연동,11410520,천연동,1.0
11410107,1141010700,서대문구,옥천동,11410520,천연동,0.667
11410108,1141010800,서대문구,영천동,11410520,천연동,0.667
11410109,1141010900,서대문구,현저동,11410565,충현동,0.667
11410110,1141011000,서대문구,북아현동,11410555,북아현동,1.0
11410111,1141011100,서대문구,홍제동,11410620,홍제1동,1.0
11410112,1141011200,서대문구,대현동,11410565,충현동,0.667
11410113,1141011300,서대문구,대신동,11410585,신촌동,0.667
11410114,1141011400,서대문구,신촌동,11410585,신촌동,1.0
11410115,1141011500,서대문구,봉원동,11410620,홍제1동,0.4
11410116,1141011600,서대문구,창천동,11410520,천연동,0.667
11410117,1141011700,서대문구,연희동,11410615,연희동,1.0
11410118,1141011800,서대문구,홍은동,11410660,홍은1동,1.0
11410119,1141011900,서대문구,북가좌동,11410710,북가좌1동,1.0
11410120,1141012000,서대문구,남가좌동,11410690,남가좌1동,1.0
11440101,1144010100,마포구,아현동,11440555,아현동,1.0
11440102,1144010200,마포구,공덕동,11440565,공덕동,1.0
11440103,1144010300,마포구,신공덕동,11440565,공덕동,1.0
11440104,1144010400,마포구,도화동,11440585,도화동,1.0
11440105,1144010500,마포구,용강동,11440590,용강동,1.0
11440106,1144010600,마포구,토정동,11440680,합정동,0.667
11440107,1144010700,마포구,마포동,11440520,,0.8
11440108,1144010800,마포구,대흥동,11440600,대흥동,1.0
11440109,1144010900,마포구,염리동,11440610,염리동,1.0
11440110,1144011000,마포구,노고산동,11440720,성산1동,0.5
11440111,1144011100,마포구,신수동,11440630,신수동,1.0
11440112,1144011200,마포구,현석동,11440555,아현동,0.667
11440113,1144011300,마포구,구수동,11440630,신수동,0.667
11440114,1144011400,마포구,창전동,11440510,,0.8
11440115,1144011500,마포구,상수동,11440630,신수동,0.667
11440116,1144011600,마포구,하중동,11440510,,0.8
11440117,1144011700,마포구,신정동,11440630,신수동,0.667
11440118,1144011800,마포구,당인동,11440510,,0.8
11440120,1144012000,마포구,서교동,11440660,서교동,1.0
11440121,1144012100,마포구,동교동,11440660,서교동,0.967
11440122,1144012200,마포구,합정동,11440680,합정동,1.0
11440123,1144012300,마포구,망원동,11440690,망원1동,1.0
11440124,1144012400,마포구,연남동,11440710,연남동,1.0
11440125,1144012500,마포구,성산동,11440720,성산1동,1.0
11440126,1144012600,마포구,중동,11440555,아현동,0.4
11440127,1144012700,마포구,상암동,11440740,상암동,1.0
11470101,1147010100,양천구,신정동,11470620,신정1동,1.0
11470102,1147010200,양천구,목동,11470510,목1동,1.0
11470103,1147010300,양천구,신월동,11470560,신월1동,1.0
11500101,1150010100,강서구,염창동,11500510,염창동,1.0
11500102,1150010200,강서구,등촌동,11500520,등촌1동,1.0
11500103,1150010300,강서구,화곡동,11500540,화곡1동,1.0
11500104,1150010400,강서구,가양동,11500603,가양1동,1.0
11500105,1150010500,강서구,마곡동,11500540,화곡1동,0.571
11500106,1150010600,강서구,내발산동,11500611,발산1동,0.75
11500107,1150010700,강서구,외발산동,11500611,발산1동,0.75
11500108,1150010800,강서구,공항동,11500620,공항동,1.0
11500109,1150010900,강서구,방화동,11500630,방화1동,1.0
11500110,1150011000,강서구,개화동,11500540,화곡1동,0.571
11500111,1150011100,강서구,과해동,11500680,,0.8
11500112,1150011200,강서구,오곡동,11500540,화곡1동,0.571
11500113,1150011300,강서구,오쇠동,11500680,,0.8
11530101,1153010100,구로구,신도림동,11530510,신도림동,1.0
11530102,1153010200,구로구,구로동,11530520,구로1동,1.0
11530103,1153010300,구로구,가리봉동,11530595,가리봉동,1.0
11530106,1153010600,구로구,고척동,11530720,고척1동,1.0
11530107,1153010700,구로구,개봉동,11530740,개봉1동,1.0
11530108,1153010800,구로구,오류동,11530770,오류1동,1.0
11530109,1153010900,구로구,궁동,11530790,수궁동,1.0
11530110,1153011000,구로구,온수동,11530790,수궁동,0.667
11530111,1153011100,구로구,천왕동,11530800,항동,0.4
11530112,1153011200,구로구,항동,11530800,항동,1.0
11545101,1154510100,금천구,가산동,11545510,가산동,1.0
11545102,1154510200,금천구,독산동,11545610,독산1동,1.0
11545103,1154510300,금천구,시흥동,11545670,시흥1동,1.0
11560101,1156010100,영등포구,영등포동,11560515,영등포본동,1.0
11560102,1156010200,영등포구,영등포동1가,11560535,영등포동,1.0
11560103,1156010300,영등포구,영등포동2가,11560535,영등포동,1.0
11560104,1156010400,영등포구,영등포동3가,11560535,영등포동,1.0
11560105,1156010500,영등포구,영등포동4가,11560535,영등포동,1.0
11560106,1156010600,영등포구,영등포동5가,11560535,영등포동,1.0
11560107,1156010700,영등포구,영등포동6가,11560535,영등포동,1.0
11560108,1156010800,영등포구,영등포동7가,11560535,영등포동,1.0
11560109,1156010900,영등포구,영등포동8가,11560535,영등포동,1.0
11560110,1156011000,영등포구,여의도동,11560540,여의동,1.0
11560111,1156011100,영등포구,당산동1가,11560550,당산1동,0.667
11560112,1156011200,영등포구,당산동2가,11560550,당산1동,0.667
11560113,1156011300,영등포구,당산동3가,11560550,당산1동,0.667
11560114,1156011400,영등포구,당산동4가,11560550,당산1동,0.667
11560115,1156011500,영등포구,당산동5가,11560550,당산1동,0.667
11560116,1156011600,영등포구,당산동6가,11560550,당산1동,0.667
11560117,1156011700,영등포구,당산동,11560550,당산1동,1.0
11560118,1156011800,영등포구,도림동,11560585,도림동,1.0
11560119,1156011900,영등포구,문래동1가,11560605,문래동,1.0
11560120,1156012000,영등포구,문래동2가,11560605,문래동,1.0
11560121,1156012100,영등포구,문래동3가,11560605,문래동,1.0
11560122,1156012200,영등포구,문래동4가,11560605,문래동,1.0
11560123,1156012300,영등포구,문래동5가,11560605,문래동,1.0
11560124,1156012400,영등포구,문래동6가,11560605,문래동,1.0
11560125,1156012500,영등포구,양평동1가,11560610,양평1동,0.667
11560126,1156012600,영등포구,양평동2가,11560610,양평1동,0.667
11560127,1156012700,영등포구,양평동3가,11560610,양평1동,0.667
11560128,1156012800,영등포구,양평동4가,11560610,양평1동,0.667
11560129,1156012900,영등포구,양평동5가,11560610,양평1동,0.667
11560130,1156013000,영등포구,양평동6가,11560610,양평1동,0.667
11560131,1156013100,영등포구,양화동,11560610,양평1동,0.571
11560132,1156013200,영등포구,신길동,11560630,신길1동,1.0
11560133,1156013300,영등포구,대림동,11560700,대림1동,1.0
11560134,1156013400,영등포구,양평동,11560610,양평1동,1.0
11590101,1159010100,동작구,노량진동,11590510,노량진1동,1.0
11590102,1159010200,동작구,상도동,11590530,상도1동,1.0
11590103,1159010300,동작구,상도1동,11590530,상도1동,1.0
11590104,1159010400,동작구,본동,11590605,흑석동,0.4
11590105,1159010500,동작구,흑석동,11590605,흑석동,1.0
11590106,1159010600,동작구,동작동,11590510,노량진1동,0.8
11590107,1159010700,동작구,사당동,11590620,사당1동,1.0
11590108,1159010800,동작구,대방동,11590660,대방동,1.0
11590109,1159010900,동작구,신대방동,11590660,대방동,1.0
11620101,1162010100,관악구,봉천동,11620605,은천동,0.667
11620102,1162010200,관악구,신림동,11620695,신림동,1.0
11620103,1162010300,관악구,남현동,11620630,남현동,1.0
11650101,1165010100,서초구,방배동,11650590,방배본동,1.0
11650102,1165010200,서초구,양재동,11650651,양재1동,1.0
11650103,1165010300,서초구,우면동,11650680,,0.8
11650104,1165010400,서초구,원지동,11650540,잠원동,0.667
11650106,1165010600,서초구,잠원동,11650540,잠원동,1.0
11650107,1165010700,서초구,반포동,11650550,반포본동,1.0
11650108,1165010800,서초구,서초동,11650510,서초1동,1.0
11650109,1165010900,서초구,내곡동,11650660,내곡동,1.0
11650110,1165011000,서초구,염곡동,11650660,내곡동,0.667
11650111,1165011100,서초구,신원동,11650540,잠원동,0.667
11680101,1168010100,강남구,역삼동,11680640,역삼1동,1.0
11680103,1168010300,강남구,개포동,11680660,개포1동,1.0
11680104,1168010400,강남구,청담동,11680565,청담동,1.0
11680105,1168010500,강남구,삼성동,11680580,삼성1동,1.0
11680106,1168010600,강남구,대치동,11680600,대치1동,1.0
11680107,1168010700,강남구,신사동,11680510,신사동,1.0
11680108,1168010800,강남구,논현동,11680521,논현1동,1.0
11680110,1168011000,강남구,압구정동,11680545,압구정동,1.0
11680111,1168011100,강남구,세곡동,11680700,세곡동,1.0
11680112,1168011200,강남구,자곡동,11680700,세곡동,0.667
11680113,1168011300,강남구,율현동,11680521,논현1동,0.571
11680114,1168011400,강남구,일원동,11680720,일원본동,1.0
11680115,1168011500,강남구,수서동,11680750,수서동,1.0
11680118,1168011800,강남구,도곡동,11680655,도곡1동,1.0
11710101,1171010100,송파구,잠실동,11710650,잠실본동,1.0
11710102,1171010200,송파구,신천동,11710650,잠실본동,0.571
11710103,1171010300,송파구,풍납동,11710510,풍납1동,1.0
11710104,1171010400,송파구,송파동,11710580,송파1동,1.0
11710105,1171010500,송파구,석촌동,11710600,석촌동,1.0
11710106,1171010600,송파구,삼전동,11710610,삼전동,1.0
11710107,1171010700,송파구,가락동,11710620,가락본동,1.0
11710108,1171010800,송파구,문정동,11710641,문정1동,1.0
11710109,1171010900,송파구,장지동,11710646,장지동,1.0
11710111,1171011100,송파구,방이동,11710561,방이1동,1.0
11710112,1171011200,송파구,오금동,11710570,오금동,1.0
11710113,1171011300,송파구,거여동,11710531,거여1동,1.0
11710114,1171011400,송파구,마천동,11710540,마천1동,1.0
11740101,1174010100,강동구,명일동,11740530,명일1동,1.0
11740102,1174010200,강동구,고덕동,11740550,고덕1동,1.0
11740103,1174010300,강동구,상일동,11740520,상일동,1.0
11740105,1174010500,강동구,길동,11740685,길동,1.0
11740106,1174010600,강동구,둔촌동,11740690,둔촌1동,1.0
11740107,1174010700,강동구,암사동,11740570,암사1동,1.0
11740108,1174010800,강동구,성내동,11740640,성내1동,1.0
11740109,1174010900,강동구,천호동,11740600,천호1동,1.0
11740110,1174011000,강동구,강일동,11740515,강일동,1.0
